Workbook

Sheet DASHBOARD
A1: DASHBOARD-KA RASMIGA AH XAFIISKA XISBIGA BARWAAQO – QARSA DUULA
A4: WADARTA XUBNAHA | D4: LAB | G4: DHADIG | J4: XUBIN-SUGAYAAL
A5: ='XUBNAHA GUUD '!B6 -> 16458 | D5: ='XUBNAHA GUUD '!C6 -> 6753 | G5: ='XUBNAHA GUUD '!D6 -> 9705 | J5: ='XUBNAHA GUUD '!B5 -> 836
A8: HEERKA GUUD EE WAXQABADKA
A9: =_xlfn.IFERROR(AVERAGE(B14:B16),0) -> 0.9204127 | G9: =IF(A9>=0.8,"SARE",IF(A9>=0.6,"DHEXDHEXAAD","HOOSE")) -> SARE
A12: KOOBIDDA WAXQABADKA
A13: QAYBTA | B13: HEERKA | C13: XOGTA | E13: XUBNAHA | I13: DHAQAALAHA
A14: Qorshe & Waxqabad | B14: =_xlfn.IFERROR(AVERAGE('ACTIVITIES '!E3:E15),0) -> 0.97571429 | C14: Celcelis fulin | E14: Soo jireen | F14: ='XUBNAHA GUUD '!B3 -> 15478 | I14: Target | J14: 3275630.5
A15: Dhaqaale Xisbiga | B15: =_xlfn.IFERROR(AVERAGE('DHAQAALAHA XISBIGA '!D3:D10),0) -> 0.99285714 | C15: Celcelis fulin | E15: Cusub | F15: ='XUBNAHA GUUD '!B4 -> 144 | I15: Fulay | J15: 3111784.5
A16: Initiatives | B16: =_xlfn.IFERROR(AVERAGE('INITIATIVES '!D3:D17),0) -> 0.79266667 | C16: Celcelis fulin | E16: Xubin-sugayaal | F16: ='XUBNAHA GUUD '!B5 -> 836 | I16: Heer | J16: =_xlfn.IFERROR(J15/J14,0) -> 0.94998031
A17: Abaabul Dadweyne | B17: N/A | E17: 17 Qabale | F17: ='17 QABALE'!D21 -> 18058
A18: celceliska qiimaynta Hoggaaminta | B18: 0.9
A20: 17-KA QABALE – XOGTA XUBNAHA | D20: ABAABULKA DADWEYNAHA | I20: CABASHOOYIN
A21: Xubnihi hore | B21: ='17 QABALE'!B21 -> 14884 | D21: Ka qaybgal lab | E21: =SUM(DADWEYNE!B5:B11) -> 384 | I21: La helay | J21: =SUM(CABASHOOYIN!C3:C22) -> 0
A22: Xubnaha cusub | B22: ='17 QABALE'!C21 -> 3174 | D22: Ka qaybgal dhadig | E22: =SUM(DADWEYNE!C5:C11) -> 160 | I22: La xalliyay | J22: =SUM(CABASHOOYIN!D3:D22) -> 0
A23: Wadarta | B23: ='17 QABALE'!D21 -> 18058 | D23: Wadarta | E23: =SUM(DADWEYNE!D5:D11) -> 545 | I23: Taagan | J23: =SUM(CABASHOOYIN!E3:E22) -> 0
A24: Lab (65%) | B24: ='17 QABALE'!E21 -> 11737.7 | D24: Miisaaniyad | E24: =SUM(DADWEYNE!G5:G11) -> 0
A25: Dhadig (35%) | B25: ='17 QABALE'!F21 -> 6320.3
A27: FIIRO: Dashboard-ku wuxuu si toos ah uga akhriyaa sheets-ka. Qiimeynta hoggaanka lama qiyaasin; geli score 0–100% tiirka QIIMEYN (%). Heerarka: SARE ≥80%, DHEXDHEXAAD 60–79%, HOOSE <60%.

Sheet DASHBOARD (2)
A1: DASHBOARD-KA RASMIGA AH XAFIISKA XISBIGA BARWAAQO – QARSA DUULA
A4: WADARTA XUBNAHA | D4: LAB | G4: DHADIG | J4: XUBIN-SUGAYAAL
A5: ='XUBNAHA GUUD '!B6 -> 16458 | D5: ='XUBNAHA GUUD '!C6 -> 6753 | G5: ='XUBNAHA GUUD '!D6 -> 9705 | J5: ='XUBNAHA GUUD '!B5 -> 836
A8: HEERKA GUUD EE WAXQABADKA
A9: =_xlfn.IFERROR(AVERAGE(B14:B16),0) -> 0.9204127 | G9: =IF(A9>=0.8,"SARE",IF(A9>=0.6,"DHEXDHEXAAD","HOOSE")) -> SARE
A12: KOOBIDDA WAXQABADKA
A13: QAYBTA | B13: HEERKA | C13: XOGTA | E13: XUBNAHA | I13: DHAQAALAHA
A14: Qorshe & Waxqabad | B14: =_xlfn.IFERROR(AVERAGE('ACTIVITIES '!E3:E15),0) -> 0.97571429 | C14: Celcelis fulin | E14: Soo jireen | F14: ='XUBNAHA GUUD '!B3 -> 15478 | I14: Target | J14: 3275630.5
A15: Dhaqaale Xisbiga | B15: =_xlfn.IFERROR(AVERAGE('DHAQAALAHA XISBIGA '!D3:D10),0) -> 0.99285714 | C15: Celcelis fulin | E15: Cusub | F15: ='XUBNAHA GUUD '!B4 -> 144 | I15: Fulay | J15: 3111784.5
A16: Initiatives | B16: =_xlfn.IFERROR(AVERAGE('INITIATIVES '!D3:D17),0) -> 0.79266667 | C16: Celcelis fulin | E16: Xubin-sugayaal | F16: ='XUBNAHA GUUD '!B5 -> 836 | I16: Heer | J16: =_xlfn.IFERROR(J15/J14,0) -> 0.94998031
A17: Abaabul Dadweyne | B17: N/A | E17: 17 Qabale | F17: ='17 QABALE'!D21 -> 18058
A18: celceliska qiimaynta Hoggaaminta | B18: 0.9
A20: 17-KA QABALE – XOGTA XUBNAHA | D20: ABAABULKA DADWEYNAHA | I20: CABASHOOYIN
A21: Xubnihi hore | B21: ='17 QABALE'!B21 -> 14884 | D21: Ka qaybgal lab | E21: =SUM(DADWEYNE!B5:B11) -> 384 | I21: La helay | J21: =SUM(CABASHOOYIN!C3:C22) -> 0
A22: Xubnaha cusub | B22: ='17 QABALE'!C21 -> 3174 | D22: Ka qaybgal dhadig | E22: =SUM(DADWEYNE!C5:C11) -> 160 | I22: La xalliyay | J22: =SUM(CABASHOOYIN!D3:D22) -> 0
A23: Wadarta | B23: ='17 QABALE'!D21 -> 18058 | D23: Wadarta | E23: =SUM(DADWEYNE!D5:D11) -> 545 | I23: Taagan | J23: =SUM(CABASHOOYIN!E3:E22) -> 0
A24: Lab (65%) | B24: ='17 QABALE'!E21 -> 11737.7 | D24: Miisaaniyad | E24: =SUM(DADWEYNE!G5:G11) -> 0
A25: Dhadig (35%) | B25: ='17 QABALE'!F21 -> 6320.3
A27: FIIRO: Dashboard-ku wuxuu si toos ah uga akhriyaa sheets-ka. Qiimeynta hoggaanka lama qiyaasin; geli score 0–100% tiirka QIIMEYN (%). Heerarka: SARE ≥80%, DHEXDHEXAAD 60–79%, HOOSE <60%.

Sheet XUBNAHA GUUD 
A1: XOGTA XUBNAHA XISBIGA – QARSA DUULA
A2: QAYBTA | B2: WADARTA | C2: LAB | D2: DHADIG
A3: Xubnaha soo jireenka ah | B3: 15478 | C3: 6241 | D3: 9237
A4: Xubnaha cusub | B4: 144 | C4: 76 | D4: 68
A5: Xubin-sugayaasha | B5: 836 | C5: 436 | D5: 400
A6: WADARTA GUUD | B6: =SUM(B3:B5) -> 16458 | C6: =SUM(C3:C5) -> 6753 | D6: =SUM(D3:D5) -> 9705

Sheet 17 QABALE
A1: 17-KA QABALE – XOGTA XUBNAHA XISBIGA SM 2019
A2: QABALAHA | B2: XUBNIHI HORE | C2: XUBNAHA CUSUB | D2: WADARTA | E2: LAB | F2: DHADIG | G2: Faalo
A3: Toowfiq | B3: 936 | C3: 186 | D3: =SUM(B3:C3) -> 1122 | E3: =D3*65% -> 729.3 | F3: =D3*35% -> 392.7
A4: Xoriyo | B4: 944 | C4: 186 | D4: =SUM(B4:C4) -> 1130 | E4: =D4*65% -> 734.5 | F4: =D4*35% -> 395.5
A5: Bali cad | B5: 968 | C5: 286 | D5: =SUM(B5:C5) -> 1254 | E5: =D5*65% -> 815.1 | F5: =D5*35% -> 438.9
A6: Hara nuur | B6: 973 | C6: 240 | D6: =SUM(B6:C6) -> 1213 | E6: =D6*65% -> 788.45 | F6: =D6*35% -> 424.55
A7: Sara | B7: 968 | C7: 240 | D7: =SUM(B7:C7) -> 1208 | E7: =D7*65% -> 785.2 | F7: =D7*35% -> 422.8
A8: Booley | B8: 973 | C8: 190 | D8: =SUM(B8:C8) -> 1163 | E8: =D8*65% -> 755.95 | F8: =D8*35% -> 407.05
A9: Galol cali | B9: 964 | C9: 186 | D9: =SUM(B9:C9) -> 1150 | E9: =D9*65% -> 747.5 | F9: =D9*35% -> 402.5
A10: Hargeisa | B10: 885 | C10: 166 | D10: =SUM(B10:C10) -> 1051 | E10: =D10*65% -> 683.15 | F10: =D10*35% -> 367.85
A11: Samaale | B11: 835 | C11: 166 | D11: =SUM(B11:C11) -> 1001 | E11: =D11*65% -> 650.65 | F11: =D11*35% -> 350.35
A12: Babul | B12: 845 | C12: 166 | D12: =SUM(B12:C12) -> 1011 | E12: =D12*65% -> 657.15 | F12: =D12*35% -> 353.85
A13: Qurac buul | B13: 845 | C13: 166 | D13: =SUM(B13:C13) -> 1011 | E13: =D13*65% -> 657.15 | F13: =D13*35% -> 353.85
A14: Yaroote | B14: 838 | C14: 166 | D14: =SUM(B14:C14) -> 1004 | E14: =D14*65% -> 652.6 | F14: =D14*35% -> 351.4
... A19: Sora | B19: 787 | C19: 166 | D19: =SUM(B19:C19) -> 953 | E19: =D19*65% -> 619.45 | F19: =D19*35% -> 333.55
A21: WADARTA | B21: =SUM(B3:B19) -> 14884 | C21: =SUM(C3:C19) -> 3174 | D21: =SUM(D3:D19) -> 18058 | E21: =SUM(E3:E19) -> 11737.7 | F21: =SUM(F3:F19) -> 6320.3 | G21: =_xlfn.IFERROR(F21/E21,0) -> 0.53846154

Sheet ACTIVITIES 
A1: QORSHAHA IYO WAXQABADKA XAFIISKA
A2: HAWLAHA/QORSHAHA | B2: QAYBTA | C2: TARGET | D2: FULAY | E2: % FULIN | F2: HEER
A3: Wacyigelinta Bulshada | B3: Tiro | C3: 48,054 | D3: 45,750 | E3: 0.94 | F3: =IF(E3="","",IF(E3>=0.8,"SARE",IF(E3>=0.6,"DHEXDHEXAAD","HOOSE"))) -> SARE
A4: Dhaadhicinta Tababarada xisbiga | B4: Tiro | C4: 4 jeer | D4: 4 jeer | E4: 1 | F4: =IF(E4="","",IF(E4>=0.8,"SARE",IF(E4>=0.6,"DHEXDHEXAAD","HOOSE"))) -> SARE
A5: Ka qaygalka Barnaamijka dhaxal reebka cagaaran | B5: Tiro | C5: 68,700 | D5: 61,200 | E5: 0.89 | F5: =IF(E5="","",IF(E5>=0.8,"SARE",IF(E5>=0.6,"DHEXDHEXAAD","HOOSE"))) -> SARE
A6: Taakuleenta iyo dabagalka Adeegbixinta | B6: joogto | C6: joogto | D6: joogto | E6: 1 | F6: =IF(E6="","",IF(E6>=0.8,"SARE",IF(E6>=0.6,"DHEXDHEXAAD","HOOSE"))) -> SARE
A7: Qabashada shirarka kaladuwan ee hogaaminta | B7: joogto | C7: joogto | D7: joogto | E7: 1 | F7: =IF(E7="","",IF(E7>=0.8,"SARE",IF(E7>=0.6,"DHEXDHEXAAD","HOOSE"))) -> SARE
A8: Shubida lacagaha jaraa idka | B8: Tiro | C8: 2 jeer | D8: 2jeer | E8: 1 | F8: =IF(E8="","",IF(E8>=0.8,"SARE",IF(E8>=0.6,"DHEXDHEXAAD","HOOSE"))) -> SARE
A9: Shubida Lacagta Buuga madhamer | B9: Tiro | C9: 1 jeer | D9: 1jeer | E9: 1 | F9: =IF(E9="","",IF(E9>=0.8,"SARE",IF(E9>=0.6,"DHEXDHEXAAD","HOOSE"))) -> SARE
A10: Kulamada gudiga fulinta | B10: 48 | C10: 46 | D10: 96% | F10: =IF(E10="","",IF(E10>=0.8,"SARE",IF(E10>=0.6,"DHEXDHEXAAD","HOOSE")))
A11: Kulamada golaha kabineega | B11: 24 | C11: 24 | D11: 100% | F11: =IF(E11="","",IF(E11>=0.8,"SARE",IF(E11>=0.6,"DHEXDHEXAAD","HOOSE")))
A12: Kulamada gudiga nabad galyada | B12: 48 | C12: 48 | D12: 100% | F12: =IF(E12="","",IF(E12>=0.8,"SARE",IF(E12>=0.6,"DHEXDHEXAAD","HOOSE")))
A13: Kulamada iskaashiga | B13: 4 | C13: 4 | D13: 100% | F13: =IF(E13="","",IF(E13>=0.8,"SARE",IF(E13>=0.6,"DHEXDHEXAAD","HOOSE")))
A14: Kulamada qoyska | B14: 24 | C14: 23 | D14: 96% | F14: =IF(E14="","",IF(E14>=0.8,"SARE",IF(E14>=0.6,"DHEXDHEXAAD","HOOSE")))
A15: Kalfadhiga baarlamanka | B15: 1 | C15: 1 | D15: 100% | F15: =IF(E15="","",IF(E15>=0.8,"SARE",IF(E15>=0.6,"DHEXDHEXAAD","HOOSE")))
E16: =_xlfn.IFERROR(D16/C16,0) -> 0 | F16: =IF(E16="","",IF(E16>=0.8,"SARE",IF(E16>=0.6,"DHEXDHEXAAD","HOOSE"))) -> HOOSE
E17: =_xlfn.IFERROR(D17/C17,0) -> 0 | F17: =IF(E17="","",IF(E17>=0.8,"SARE",IF(E17>=0.6,"DHEXDHEXAAD","HOOSE"))) -> HOOSE
E18: =_xlfn.IFERROR(D18/C18,0) -> 0 | F18: =IF(E18="","",IF(E18>=0.8,"SARE",IF(E18>=0.6,"DHEXDHEXAAD","HOOSE"))) -> HOOSE
E19: =_xlfn.IFERROR(D19/C19,0) -> 0 | F19: =IF(E19="","",IF(E19>=0.8,"SARE",IF(E19>=0.6,"DHEXDHEXAAD","HOOSE"))) -> HOOSE
E20: =_xlfn.IFERROR(D20/C20,0) -> 0 | F20: =IF(E20="","",IF(E20>=0.8,"SARE",IF(E20>=0.6,"DHEXDHEXAAD","HOOSE"))) -> HOOSE
E21: =_xlfn.IFERROR(D21/C21,0) -> 0 | F21: =IF(E21="","",IF(E21>=0.8,"SARE",IF(E21>=0.6,"DHEXDHEXAAD","HOOSE"))) -> HOOSE
E22: =_xlfn.IFERROR(D22/C22,0) -> 0 | F22: =IF(E22="","",IF(E22>=0.8,"SARE",IF(E22>=0.6,"DHEXDHEXAAD","HOOSE"))) -> HOOSE
E23: =_xlfn.IFERROR(D23/C23,0) -> 0 | F23: =IF(E23="","",IF(E23>=0.8,"SARE",IF(E23>=0.6,"DHEXDHEXAAD","HOOSE"))) -> HOOSE
E24: =_xlfn.IFERROR(D24/C24,0) -> 0 | F24: =IF(E24="","",IF(E24>=0.8,"SARE",IF(E24>=0.6,"DHEXDHEXAAD","HOOSE"))) -> HOOSE
E25: =_xlfn.IFERROR(D25/C25,0) -> 0 | F25: =IF(E25="","",IF(E25>=0.8,"SARE",IF(E25>=0.6,"DHEXDHEXAAD","HOOSE"))) -> HOOSE
E26: =_xlfn.IFERROR(D26/C26,0) -> 0 | F26: =IF(E26="","",IF(E26>=0.8,"SARE",IF(E26>=0.6,"DHEXDHEXAAD","HOOSE"))) -> HOOSE
E27: =_xlfn.IFERROR(D27/C27,0) -> 0 | F27: =IF(E27="","",IF(E27>=0.8,"SARE",IF(E27>=0.6,"DHEXDHEXAAD","HOOSE"))) -> HOOSE
... E32: =_xlfn.IFERROR(D32/C32,0) -> 0 | F32: =IF(E32="","",IF(E32>=0.8,"SARE",IF(E32>=0.6,"DHEXDHEXAAD","HOOSE"))) -> HOOSE

Sheet HOGGAAMINTA 
A1: HOGGAAMINTA DEGMADA
A2: MAGACA | B2: Jinsiga | C2: Heerka Waxbarashada | D2: Xilka | E2: number-ka | F2: QIIMEYN (%) | G2: HEER | I2: XUSUUS
A3: Aadan xasan aadan | B3: Lab | C3: Degree | D3: Gudomiyaha dagmada | E3: 924925620 | G3: =IF(F3="","LAMA QIIMEYN",IF(F3>=0.8,"SARE",IF(F3>=0.6,"DHEXDHEXAAD","HOOSE"))) -> LAMA QIIMEYN | I3: Geli qiimeyn 0–100% qof kasta marka qiimeynta hoggaanka la sameeyo.
A4: Cusman Maxamad Xasan | B4: Lab | C4: Degree | D4: G,Kuxigeenka | E4: 935525152 | G4: =IF(F4="","LAMA QIIMEYN",IF(F4>=0.8,"SARE",IF(F4>=0.6,"DHEXDHEXAAD","HOOSE"))) -> LAMA QIIMEYN
A5: Jamal xusen roble | B5: Lab | C5: Degree | D5: Madaxa . Arri.xisbiga | E5: 923669458 | G5: =IF(F5="","LAMA QIIMEYN",IF(F5>=0.8,"SARE",IF(F5>=0.6,"DHEXDHEXAAD","HOOSE"))) -> LAMA QIIMEYN
A6: Abdiftah Bashiir xasan | B6: Lab | C6: Degree | D6: Madaxa . Arri.siyaasada | E6: +251941841812 | G6: =IF(F6="","LAMA QIIMEYN",IF(F6>=0.8,"SARE",IF(F6>=0.6,"DHEXDHEXAAD","HOOSE"))) -> LAMA QIIMEYN
A7: Maxamed axmad Cabdi | B7: Lab | C7: Degree | D7: Hoganka nabadgalyada | E7: 915158994 | G7: =IF(F7="","LAMA QIIMEYN",IF(F7>=0.8,"SARE",IF(F7>=0.6,"DHEXDHEXAAD","HOOSE"))) -> LAMA QIIMEYN
A8: Rashid c/raxman cilmi | B8: Lab | C8: Degree | D8: Madaxa. Xafiska hor.beeraha | E8: 912821363 | G8: =IF(F8="","LAMA QIIMEYN",IF(F8>=0.8,"SARE",IF(F8>=0.6,"DHEXDHEXAAD","HOOSE"))) -> LAMA QIIMEYN
A9: Mukhtar xasan ganna | B9: Lab | C9: Degree | D9: Madaxa. Xafiska waxbarashada | E9: 916150076 | G9: =IF(F9="","LAMA QIIMEYN",IF(F9>=0.8,"SARE",IF(F9>=0.6,"DHEXDHEXAAD","HOOSE"))) -> LAMA QIIMEYN
A10: Shamsadiin xasan cali | B10: Lab | C10: Degree | D10: Madaxa. Xafiska hor.biyaha | E10: 911272545 | G10: =IF(F10="","LAMA QIIMEYN",IF(F10>=0.8,"SARE",IF(F10>=0.6,"DHEXDHEXAAD","HOOSE"))) -> LAMA QIIMEYN
A11: Farxaan nur farax | B11: Lab | C11: Diploma | D11: Madaxa. Xafiska Hor.xolodhaqatada | G11: =IF(F11="","LAMA QIIMEYN",IF(F11>=0.8,"SARE",IF(F11>=0.6,"DHEXDHEXAAD","HOOSE"))) -> LAMA QIIMEYN
A12: Bashir suleyman mamo | B12: Lab | C12: Degree | D12: Madaxa. Xafiska Dakhliga | E12: 916634252 | G12: =IF(F12="","LAMA QIIMEYN",IF(F12>=0.8,"SARE",IF(F12>=0.6,"DHEXDHEXAAD","HOOSE"))) -> LAMA QIIMEYN
A13: Cismaan aadan xuseen | B13: Lab | C13: Degree | D13: Madaxa. Xafiska G/Ganacsiga | E13: 966867588 | G13: =IF(F13="","LAMA QIIMEYN",IF(F13>=0.8,"SARE",IF(F13>=0.6,"DHEXDHEXAAD","HOOSE"))) -> LAMA QIIMEYN
A14: Xasan xusen maxamed | B14: Lab | C14: 12 | D14: Madaxa. xafiska adeega shacabka | E14: 974752884 | G14: =IF(F14="","LAMA QIIMEYN",IF(F14>=0.8,"SARE",IF(F14>=0.6,"DHEXDHEXAAD","HOOSE"))) -> LAMA QIIMEYN
A15: Safiyo cali ibrahin | B15: Dha | C15: Diploma | D15: Madaxa xafiska haweenka | G15: =IF(F15="","LAMA QIIMEYN",IF(F15>=0.8,"SARE",IF(F15>=0.6,"DHEXDHEXAAD","HOOSE"))) -> LAMA QIIMEYN
A16: Maxamed Xuseen habaka | B16: Lab | C16: 12 | D16: Madaxa. Xafiska maleshiyada | E16: 946764655 | G16: =IF(F16="","LAMA QIIMEYN",IF(F16>=0.8,"SARE",IF(F16>=0.6,"DHEXDHEXAAD","HOOSE"))) -> LAMA QIIMEYN
A17: Shukriya aden ibrahim | B17: DH | C17: 12 | D17: Madaxa. Xafiiska iskaashatoyinka | E17: 904373159 | G17: =IF(F17="","LAMA QIIMEYN",IF(F17>=0.8,"SARE",IF(F17>=0.6,"DHEXDHEXAAD","HOOSE"))) -> LAMA QIIMEYN
A18: Ilhan cabdiqadir xasan | B18: Dh | C18: Diploma | D18: Madaxa. Xafiska sportiga | E18: 915665013 | G18: =IF(F18="","LAMA QIIMEYN",IF(F18>=0.8,"SARE",IF(F18>=0.6,"DHEXDHEXAAD","HOOSE"))) -> LAMA QIIMEYN
A19: Jamal cusman ibrahim | B19: l | C19: Degree | D19: Caafimaad | E19: 915004941 | G19: =IF(F19="","LAMA QIIMEYN",IF(F19>=0.8,"SARE",IF(F19>=0.6,"DHEXDHEXAAD","HOOSE"))) -> LAMA QIIMEYN
A20: Axmaddeeq maxamed | B20: l | C20: Degree | D20: Maaliyada | E20: 953182378 | G20: =IF(F20="","LAMA QIIMEYN",IF(F20>=0.8,"SARE",IF(F20>=0.6,"DHEXDHEXAAD","HOOSE"))) -> LAMA QIIMEYN
A21: Qaasim daawuud | B21: l | C21: Diploma | D21: Xeer ilaalinta | E21: 911823594 | G21: =IF(F21="","LAMA QIIMEYN",IF(F21>=0.8,"SARE",IF(F21>=0.6,"DHEXDHEXAAD","HOOSE"))) -> LAMA QIIMEYN
A22: Daahir aden maxamuud | B22: l | C22: Degree | D22: DRM | E22: 913502021 | G22: =IF(F22="","LAMA QIIMEYN",IF(F22>=0.8,"SARE",IF(F22>=0.6,"DHEXDHEXAAD","HOOSE"))) -> LAMA QIIMEYN
E23: =_xlfn.IFERROR(D23/C23,0) -> 0 | F23: =IF(E23>=0.8,"SARE",IF(E23>=0.6,"DHEXDHEXAAD","HOOSE")) -> HOOSE | G23: =IF(F23="","LAMA QIIMEYN",IF(F23>=0.8,"SARE",IF(F23>=0.6,"DHEXDHEXAAD","HOOSE"))) -> SARE
E24: =_xlfn.IFERROR(D24/C24,0) -> 0 | F24: =IF(E24>=0.8,"SARE",IF(E24>=0.6,"DHEXDHEXAAD","HOOSE")) -> HOOSE | G24: =IF(F24="","LAMA QIIMEYN",IF(F24>=0.8,"SARE",IF(F24>=0.6,"DHEXDHEXAAD","HOOSE"))) -> SARE
E25: =_xlfn.IFERROR(D25/C25,0) -> 0 | F25: =IF(E25>=0.8,"SARE",IF(E25>=0.6,"DHEXDHEXAAD","HOOSE")) -> HOOSE | G25: =IF(F25="","LAMA QIIMEYN",IF(F25>=0.8,"SARE",IF(F25>=0.6,"DHEXDHEXAAD","HOOSE"))) -> SARE
E26: =_xlfn.IFERROR(D26/C26,0) -> 0 | F26: =IF(E26>=0.8,"SARE",IF(E26>=0.6,"DHEXDHEXAAD","HOOSE")) -> HOOSE | G26: =IF(F26="","LAMA QIIMEYN",IF(F26>=0.8,"SARE",IF(F26>=0.6,"DHEXDHEXAAD","HOOSE"))) -> SARE
E27: =_xlfn.IFERROR(D27/C27,0) -> 0 | F27: =IF(E27>=0.8,"SARE",IF(E27>=0.6,"DHEXDHEXAAD","HOOSE")) -> HOOSE | G27: =IF(F27="","LAMA QIIMEYN",IF(F27>=0.8,"SARE",IF(F27>=0.6,"DHEXDHEXAAD","HOOSE"))) -> SARE
E28: =_xlfn.IFERROR(D28/C28,0) -> 0 | F28: =IF(E28>=0.8,"SARE",IF(E28>=0.6,"DHEXDHEXAAD","HOOSE")) -> HOOSE | G28: =IF(F28="","LAMA QIIMEYN",IF(F28>=0.8,"SARE",IF(F28>=0.6,"DHEXDHEXAAD","HOOSE"))) -> SARE
E29: =_xlfn.IFERROR(D29/C29,0) -> 0 | F29: =IF(E29>=0.8,"SARE",IF(E29>=0.6,"DHEXDHEXAAD","HOOSE")) -> HOOSE | G29: =IF(F29="","LAMA QIIMEYN",IF(F29>=0.8,"SARE",IF(F29>=0.6,"DHEXDHEXAAD","HOOSE"))) -> SARE
E30: =_xlfn.IFERROR(D30/C30,0) -> 0 | F30: =IF(E30>=0.8,"SARE",IF(E30>=0.6,"DHEXDHEXAAD","HOOSE")) -> HOOSE | G30: =IF(F30="","LAMA QIIMEYN",IF(F30>=0.8,"SARE",IF(F30>=0.6,"DHEXDHEXAAD","HOOSE"))) -> SARE
E31: =_xlfn.IFERROR(D31/C31,0) -> 0 | F31: =IF(E31>=0.8,"SARE",IF(E31>=0.6,"DHEXDHEXAAD","HOOSE")) -> HOOSE | G31: =IF(F31="","LAMA QIIMEYN",IF(F31>=0.8,"SARE",IF(F31>=0.6,"DHEXDHEXAAD","HOOSE"))) -> SARE

Sheet DHAQAALAHA XISBIGA 
A1: DHAQAALAHA XISBIGA
A2: BARNAAMIJKA | B2: TARGET | C2: FULAY | D2: % | E2: XUSUUS
A3: Qaadhaanka shaqaalaha | B3: 2,025,894 | C3: 1,862,048 | D3: 0.95 | E3: =IF(D3="","",IF(D3>=0.8,"SARE",IF(D3>=0.6,"DHEXDHEXAAD","HOOSE"))) -> SARE
A4: Dowlada | E4: =IF(D4="","",IF(D4>=0.8,"SARE",IF(D4>=0.6,"DHEXDHEXAAD","HOOSE")))
A5: Qaadhaanka rer miyyiga | B5: 936.52 | C5: 936.5 | D5: 1 | E5: =IF(D5="","",IF(D5>=0.8,"SARE",IF(D5>=0.6,"DHEXDHEXAAD","HOOSE"))) -> SARE
A6: Deeqda xisbiga | B6: 1,110,000 | C6: 1,110,000 | D6: 1 | E6: =IF(D6="","",IF(D6>=0.8,"SARE",IF(D6>=0.6,"DHEXDHEXAAD","HOOSE"))) -> SARE
A7: Jaraaidka xisbiga | B7: 36,000 | C7: 36,000 | D7: 1 | E7: =IF(D7="","",IF(D7>=0.8,"SARE",IF(D7>=0.6,"DHEXDHEXAAD","HOOSE"))) -> SARE
A8: Buuga Medemer | B8: 27,400 | C8: 27,400 | D8: 1 | E8: =IF(D8="","",IF(D8>=0.8,"SARE",IF(D8>=0.6,"DHEXDHEXAAD","HOOSE"))) -> SARE
A9: Garabka haweenka | B9: 47,400 | C9: 47,400 | D9: 1 | E9: =IF(D9="","",IF(D9>=0.8,"SARE",IF(D9>=0.6,"DHEXDHEXAAD","HOOSE"))) -> SARE
A10: Garabka dhalinyarada | B10: 28,000 | C10: 28,000 | D10: 1 | E10: =IF(D10="","",IF(D10>=0.8,"SARE",IF(D10>=0.6,"DHEXDHEXAAD","HOOSE"))) -> SARE
D11: =_xlfn.IFERROR(C11/B11,0) -> 0 | E11: =IF(D11="","",IF(D11>=0.8,"SARE",IF(D11>=0.6,"DHEXDHEXAAD","HOOSE"))) -> HOOSE
D12: =_xlfn.IFERROR(C12/B12,0) -> 0 | E12: =IF(D12="","",IF(D12>=0.8,"SARE",IF(D12>=0.6,"DHEXDHEXAAD","HOOSE"))) -> HOOSE
D13: =_xlfn.IFERROR(C13/B13,0) -> 0 | E13: =IF(D13="","",IF(D13>=0.8,"SARE",IF(D13>=0.6,"DHEXDHEXAAD","HOOSE"))) -> HOOSE
D14: =_xlfn.IFERROR(C14/B14,0) -> 0 | E14: =IF(D14="","",IF(D14>=0.8,"SARE",IF(D14>=0.6,"DHEXDHEXAAD","HOOSE"))) -> HOOSE
D15: =_xlfn.IFERROR(C15/B15,0) -> 0 | E15: =IF(D15="","",IF(D15>=0.8,"SARE",IF(D15>=0.6,"DHEXDHEXAAD","HOOSE"))) -> HOOSE
D16: =_xlfn.IFERROR(C16/B16,0) -> 0 | E16: =IF(D16="","",IF(D16>=0.8,"SARE",IF(D16>=0.6,"DHEXDHEXAAD","HOOSE"))) -> HOOSE
D17: =_xlfn.IFERROR(C17/B17,0) -> 0 | E17: =IF(D17="","",IF(D17>=0.8,"SARE",IF(D17>=0.6,"DHEXDHEXAAD","HOOSE"))) -> HOOSE
D18: =_xlfn.IFERROR(C18/B18,0) -> 0 | E18: =IF(D18="","",IF(D18>=0.8,"SARE",IF(D18>=0.6,"DHEXDHEXAAD","HOOSE"))) -> HOOSE
D19: =_xlfn.IFERROR(C19/B19,0) -> 0 | E19: =IF(D19="","",IF(D19>=0.8,"SARE",IF(D19>=0.6,"DHEXDHEXAAD","HOOSE"))) -> HOOSE
D20: =_xlfn.IFERROR(C20/B20,0) -> 0 | E20: =IF(D20="","",IF(D20>=0.8,"SARE",IF(D20>=0.6,"DHEXDHEXAAD","HOOSE"))) -> HOOSE
D21: =_xlfn.IFERROR(C21/B21,0) -> 0 | E21: =IF(D21="","",IF(D21>=0.8,"SARE",IF(D21>=0.6,"DHEXDHEXAAD","HOOSE"))) -> HOOSE
D22: =_xlfn.IFERROR(C22/B22,0) -> 0 | E22: =IF(D22="","",IF(D22>=0.8,"SARE",IF(D22>=0.6,"DHEXDHEXAAD","HOOSE"))) -> HOOSE

Sheet DADWEYNE
A1: ABAABULKA & KA-QAYBGALKA DADWEYNAHA
A2: HAWLAHA | B2: TAARIIKH | C2: TARGET | D2: KA-QAYBGAL | E2: % | F2: XUSUUS
A3: Waxqabadka | B3: Dadka ka qayb qaatey | E3: Xooga lacag ahaan | F3: Lacag cadaan ah ee la geliyey | G3: Wadarta Miisaaniyadeed
B4: lab | C4: dhadig | D4: wadar
A5: Dhoobo qaad | B5: 56 | C5: 32 | D5: 88 | E5: 412,000 | F5: 50,000 | G5: 462,000
A6: daashash | B6: 66 | C6: 39 | D6: 105 | E6: 193,000 | F6: 25,000 | G6: 218,000
A7: Dayactirka &Dhismaha Deyrka | B7: 38 | C7: 54 | D7: 93 | E7: 35,400 | F7: 75,500 | G7: 110,900
A8: Nadiifinta magaalada | B8: 64 | C8: 35 | D8: 99 | E8: 130,000 | F8: 60,000 | G8: 190,000
A9: Qodaalka laba warood | B9: 0 | C9: 0 | D9: 0 | E9: 0 | F9: 10,250,000 | G9: 10,250,000
A10: Qodaalka godka anteenooyinka | B10: 160 | C10: 0 | D10: 160 | E10: 300,000 | F10: 180,000 | G10: 480,000
A11: Iibka saanada ciidanka maleeshiyada | B11: 0 | C11: 0 | D11: 0 | E11: 0 | F11: 500,000 | G11: 500,000
A12: Wadarta | B12: 384 | C12: 160 | D12: 544 | E12: 1,070,400 | F12: 11,140,500 | G12: 12,210,900
E13: =_xlfn.IFERROR(D13/C13,0) -> 0
E14: =_xlfn.IFERROR(D14/C14,0) -> 0
E15: =_xlfn.IFERROR(D15/C15,0) -> 0
E16: =_xlfn.IFERROR(D16/C16,0) -> 0
E17: =_xlfn.IFERROR(D17/C17,0) -> 0
E18: =_xlfn.IFERROR(D18/C18,0) -> 0
E19: =_xlfn.IFERROR(D19/C19,0) -> 0
E20: =_xlfn.IFERROR(D20/C20,0) -> 0
E21: =_xlfn.IFERROR(D21/C21,0) -> 0
E22: =_xlfn.IFERROR(D22/C22,0) -> 0

Sheet CABASHOOYIN
A1: CABASHOOYIN IYO XALLINTA | H1: KOOBID CABASHOOYIN
A2: TAARIIKH | B2: NOOCA | C2: LA HELAY | D2: LA XALLIYAY | E2: TAAGAN | F2: XUSUUS | H2: La helay | I2: =SUM(C3:C22) -> 0
E3: =IF(C3="","",MAX(C3-D3,0)) | H3: La xalliyay | I3: =SUM(D3:D22) -> 0
E4: =IF(C4="","",MAX(C4-D4,0)) | H4: Taagan | I4: =SUM(E3:E22) -> 0
E5: =IF(C5="","",MAX(C5-D5,0)) | H5: Heer xallin | I5: =_xlfn.IFERROR(SUM(D3:D22)/SUM(C3:C22),0) -> 0
E6: =IF(C6="","",MAX(C6-D6,0))
E7: =IF(C7="","",MAX(C7-D7,0))
E8: =IF(C8="","",MAX(C8-D8,0))
E9: =IF(C9="","",MAX(C9-D9,0))
E10: =IF(C10="","",MAX(C10-D10,0))
E11: =IF(C11="","",MAX(C11-D11,0))
E12: =IF(C12="","",MAX(C12-D12,0))
E13: =IF(C13="","",MAX(C13-D13,0))
E14: =IF(C14="","",MAX(C14-D14,0))
E15: =IF(C15="","",MAX(C15-D15,0))
E16: =IF(C16="","",MAX(C16-D16,0))
E17: =IF(C17="","",MAX(C17-D17,0))
... E22: =IF(C22="","",MAX(C22-D22,0))

Sheet INITIATIVES 
A1: WARBIXINTA BILEED
A2: INITIATIVE | B2: QORSHE | C2: FULAY | D2: % | E2: HEER | F2: CAQABAD | G2: TALLAABO XIGTA
A3: Dakhliga | B3: 71,610,082.77 | C3: 58,036,054.9 | D3: 0.81 | E3: =IF(D3="","",IF(D3>=0.8,"SARE",IF(D3>=0.6,"DHEXDHEXAAD","HOOSE"))) -> SARE
A4: National ID | B4: 20,000 | C4: 12,788 | D4: 0.63 | E4: =IF(D4="","",IF(D4>=0.8,"SARE",IF(D4>=0.6,"DHEXDHEXAAD","HOOSE"))) -> DHEXDHEXAAD
A5: Ethiocoders | B5: 3,100 | C5: 2,700 | D5: 0.87 | E5: =IF(D5="","",IF(D5>=0.8,"SARE",IF(D5>=0.6,"DHEXDHEXAAD","HOOSE"))) -> SARE
A6: Dalag &Daryeel (Ha) | B6: 21,232 | C6: 18,456 | D6: 0.87 | E6: =IF(D6="","",IF(D6>=0.8,"SARE",IF(D6>=0.6,"DHEXDHEXAAD","HOOSE"))) -> SARE
A7: Raad Reebka Cagaaran | B7: 84,680 | C7: 68,820 | D7: 0.81 | E7: =IF(D7="","",IF(D7>=0.8,"SARE",IF(D7>=0.6,"DHEXDHEXAAD","HOOSE"))) -> SARE
A8: Dhaqo oo Dheefso – Malabka (Kg) | B8: 62,040 | C8: 41,600 | D8: 0.67 | E8: =IF(D8="","",IF(D8>=0.8,"SARE",IF(D8>=0.6,"DHEXDHEXAAD","HOOSE"))) -> DHEXDHEXAAD
A9: Dhaqo oo Dheefso -Caanaha (L) | B9: 104,560 | C9: 72,000 | D9: 0.69 | E9: =IF(D9="","",IF(D9>=0.8,"SARE",IF(D9>=0.6,"DHEXDHEXAAD","HOOSE"))) -> DHEXDHEXAAD
A10: Dhaqo oo Dheefso -Ukunta | B10: 958,040 | C10: 750,537 | D10: 0.79 | E10: =IF(D10="","",IF(D10>=0.8,"SARE",IF(D10>=0.6,"DHEXDHEXAAD","HOOSE"))) -> DHEXDHEXAAD
A11: Dayn Soo Celinta | B11: 8,928,000 | C11: 6,738,660 | D11: 0.75 | E11: =IF(D11="","",IF(D11>=0.8,"SARE",IF(D11>=0.6,"DHEXDHEXAAD","HOOSE"))) -> DHEXDHEXAAD
A12: Dhimista Maciishada | B12: 0 | C12: 0 | D12: 0 | E12: =IF(D12="","",IF(D12>=0.8,"SARE",IF(D12>=0.6,"DHEXDHEXAAD","HOOSE"))) -> HOOSE
A13: Ka bixidda Ku tiirsanaanta | B13: 1,382 | C13: 1,382 | D13: 1 | E13: =IF(D13="","",IF(D13>=0.8,"SARE",IF(D13>=0.6,"DHEXDHEXAAD","HOOSE"))) -> SARE
A14: Dayavtirka Dugsiyada | B14: 2 | C14: 2 | D14: 1 | E14: =IF(D14="","",IF(D14>=0.8,"SARE",IF(D14>=0.6,"DHEXDHEXAAD","HOOSE"))) -> SARE
A15: Qaaraanka Soo Xaroodey | B15: 936,520 | C15: 936,500 | D15: 1 | E15: =IF(D15="","",IF(D15>=0.8,"SARE",IF(D15>=0.6,"DHEXDHEXAAD","HOOSE"))) -> SARE
A16: Deeqda Soo Xarootey | B16: 1,110,000 | C16: 1,110,000 | D16: 1 | E16: =IF(D16="","",IF(D16>=0.8,"SARE",IF(D16>=0.6,"DHEXDHEXAAD","HOOSE"))) -> SARE
A17: Mashruuca Muunada | B17: 1 | C17: 1 | D17: 1 | E17: =IF(D17="","",IF(D17>=0.8,"SARE",IF(D17>=0.6,"DHEXDHEXAAD","HOOSE"))) -> SARE

Sheet HAGAHA
A1: HAGAHA ISTICMAALKA DASHBOARD-KA
A3: NO. | B3: QAYBTA | C3: TILMAAMO
A4: 1 | B4: XUBNAHA GUUD | C4: Geli tirada xubnaha soo jireenka ah, cusub iyo xubin-sugayaasha.
A5: 2 | B5: 17 QABALE | C5: Geli xubnaha hore iyo cusub; wadarta iyo qaybinta jinsiga si otomaatig ah ayay u xisaabmaan.
A6: 3 | B6: ACTIVITIES | C6: Geli Target iyo Fulay; boqolleyda iyo Heerka si otomaatig ah ayay u soo baxaan.
A7: 4 | B7: HOGGAAMINTA | C7: Geli qiimeyn 0–100% tiirka QIIMEYN (%).
A8: 5 | B8: DHAQAALAHA XISBIGA | C8: Geli Target iyo Fulay; boqolleyda iyo Heerka si otomaatig ah ayay u soo baxaan.
A9: 6 | B9: DADWEYNE | C9: Geli ka-qaybgalka iyo miisaaniyadda hawlaha.
A10: 7 | B10: CABASHOOYIN | C10: Geli la helay iyo la xalliyay; Taagan si otomaatig ah ayuu u xisaabmaa.
A11: 8 | B11: INITIATIVES | C11: Geli Qorshe iyo Fulay; boqolleyda iyo Heerka si otomaatig ah ayay u soo baxaan.
A12: 9 | B12: DASHBOARD | C12: Dashboard-ku si toos ah ayuu u cusboonaysmaa marka xogta la beddelo.
A13: 10 | B13: HEERARKA | C13: SARE ≥80% | DHEXDHEXAAD 60–79% | HOOSE <60%.
